100	Is Moby Dick alive or dead at the end of Moby Dick?	Alive.	300
101	According to Ishmael, what is the wealth of New Bedford built upon?	Whale oil.	301
102	According to Ishmael, which whale produces the best, purest, and sweetest of oils?	Sperm whale.	302
103	According to Ishmael, who are the only people besides Stubb that still eat whale meat?	The Eskimos.	303
104	According to Peter Coffin, what is Queequeg out doing when Ishmael learns that Queequeg will be his roommate?	Selling shrunken heads.	304
105	After his father's death, where was thirteen-year-old Herman Melville forced to find work?	At a bank.	305
106	After the whale carcass is cut loose from the ship, who are the 'mourners' at its 'funeral?'	Sharks and vultures.	306
107	After what is Ahab's ship named?	An extinct Native American tribe in Massachusetts.	307
108	Ahab claims that, 'The path to my fixed purpose is laid' with what?	Iron rails.	308
109	Because Pip's insane rantings move Ahab, Ahab gives Pip what?	The captain's quarters.	309
110	Before the Pequod had even left Nantucket, Ahab's fake leg had twisted around and very nearly done what?	Pierced his groin.	310
111	During the first part of the voyage, what kind of sounds do the crew think they hear from the cargo hold?	Human beings.	311
112	For what were whales primarily hunted?	Oil.	312
113	From what is Ahab's false leg made?	A whale's jawbone.	313
114	How do live whales smell, according to Ishmael?	Pleasantly musky.	314
115	How does Queequeg impress the men hiring the crew for the Pequod?	Harpooning a tiny target.	315
116	How does Queequeg shave?	With a harpoon.	316
117	How does the Pequod sink?	She is rammed by Moby Dick.	317
118	How is the Pequod decorated?	With whale bones.	318
119	How old was Herman Melville when he made his first sea voyage as a merchant sailor?	He was 19.	319
120	In what decade did historians rediscover and promote the previously ignored Moby Dick as a seminal work of American literature?	The 1920's.	320
121	How many of the Pequod's crew survive their encounter with Moby Dick?	Exactly one.	321
122	In what state does Ishmael meet Queequeg?	Massachusetts.	322
123	Ishmael decides he likes the fact that Queequeg is a pagan because Queequeg lacks a Christian's what?	Hollow courtesies.	323
124	Ishmael likens the right whale to a stoic philosopher and the sperm whale to what other kind of philosopher?	Platonic.	324
125	Ishmael reflects that traveling around the world to hunt whales really amounts to what?	Going in circles.	325
126	Ishmael thinks Buckington is fated to die at sea, but that such a death will transform Buckington into what?	God.	326
127	Out of what is Fedallah's turban made?	His hair.	327
128	Over the course of the voyage, Ahab destroys all of what?	The navigation equipment.	328
129	Pip describes the doubloon on the mast as the ship's what?	Navel.	329
130	Queequeg is a native of what island?	Kokovoko.	330
131	The crew believes that they saw mermaids in the night, but Ahab says that there were actually what?	Seals.	331
132	The fact that Ahab is using the Pequod for a different purpose than its owners intended means he could be charged with what?	Usurpation.	332
133	The name of the First Mate is?	Starbuck.	333
134	What is a 'specksynder'?	Chief Harpooner.	334
135	To what does Ishmael liken the experience of shipping aboard a whaler?	Committing suicide.	335
136	Who are the Pequod's first, second, and third mates?	Starbuck, Stubb, Flask.	336
137	What causes Ahab's harpoon to flicker with fire?	Atmospheric static.	337
138	What color does Ishmael think is horrible, unnatural and threatening when on an animal?	White.	338
139	What covers Queequeg's skin?	Tattoos.	339
140	What do the crew find in an old, blind, growth-covered whale that they kill?	A stone harpoon head.	340
141	What does Ahab carry in his pocket?	Vial of Nantucket sand.	341
142	What does Ahab nail to the ship's mast to motivate his crew in his quest for Moby Dick?	A gold coin.	342
143	What does Ahab promise to the first man who spots Moby Dick?	A gold doubloon.	343
144	What does Ahab recognize as the 'first hearse' of Fedallah's prophecy?	Fedallah lashed to Moby Dick.	345
145	What does Ahab see when he studies the gold doubloon nailed to the mast?	Ahab himself.	346
146	What does Captain Boomer want to do since Moby Dick took his arm?	Avoid Moby Dick.	347
147	What does Fedallah prophesize will kill Captain Ahab?	Hemp.	348
148	What does Ishmael call the mysterious spout of water that leads the crew onward, but never turns into a whale?	Spirit-spout.	349
149	What do male whales do that females don't, according to Ishmael?	Males abandon injured comrades.	350
150	What does Ishmael claim is the most famous part of a whale?	Its tail.	351
151	What does Ishmael compare to the huge case of high-quality oil in a sperm whale's head?	A massive wine barrel.	352
152	What does Ishmael decide he needs to do after seeing how dangerous a whale hunt can be?	Rewrite his will.	353
153	What does Ishmael have tattooed on his forearm?	The dimensions of a whale.	354
154	What does Ishmael think men and animals should be judged on, rather than their brains?	Their spines.	355
155	What does Ishmael use as a life buoy?	Queequeg's coffin.	356
156	What does Pip do the first time he goes out whaling and a whale bumps the bottom of the boat?	Jumps out in fear.	357
157	What does Queequeg do when the bumpkin that was mocking him falls into the ocean?	Dives in after him.	358
158	What does the Delight drop into the water as the Pequod passes by?	A dead body.	359
159	What does the crew look for to indicate the presence of a whale?	Spouts.	360
160	Which two characters consider shooting each the other with guns?	Ahab and Starbuck.	361
161	What does the mincer wear when slicing pieces of blubber for the pots?	A whale-penis pelt.	362
162	What does the scar on Ahab's cheek resemble?	A lightning bolt.	364
163	What experience catalyzed Pip and Ahab's close companionship?	Pip's near-drowning.	364
164	What frightens Ishmael the most about Moby Dick?	The whiteness of the whale.	365
165	What happens to Ahab's fake leg during his fight with Moby Dick?	It's snapped off.	366
166	What is 'brit'?	Tiny sea creatures that whales eat, a.k.a. krill.	367
167	What is Ahab's single fatal flaw?	Hubris.	368
168	What is Flask's nickname?	King-Post.	369
169	What is Ishmael constantly trying to pin down throughout the novel?	The essence of whales.	370
170	What is a 'gam'?	A social meeting of two, or more, whaling ships at sea.	371
171	There once was a time when the 'specksynder' or chief harpooner served as what?	The captain of the vessel.	372
172	What is cetology?	The study of whales.	373
173	What is the 'doubloon' offered for?	The first man to spot Moby Dick.	374
174	In which Ocean does Ahab find Moby Dick again?	The Pacific.	375
175	What is the biblical subject of Father Mapple's sermon at the Whaleman's Chapel?	Jonah.	376
176	What is the famous first line of Moby Dick?	Call me Ishmael.	377
177	What is the name of Ahab's harpooner?	Fedallah.	378
178	What is the name of Ahab's ship?	The Pequod.	379
179	What is the name of Ahab's wife?	She is nameless.	380
180	What is the name of Ishmael's unlikely roommate and bedfellow?	Queequeg.	381
181	Who is the Pequod's Second Mate?	Stubb.	382
182	What was the name of the Second Mate?	Stubb.	383
183	What is the name of the Third Mate?	Flask.	384
184	What is the name of the inn Ishmael stays at on the mainland before the voyage?	The Spouter Inn.	385
185	What is the name of the main ship in the story?	The Pequod.	386
186	What is the ship that rescues Ishmael at the end of the novel?	Rachel.	387
187	What is the source of Ahab's fatal flaw?	The damage he's suffered.	388
188	What is the study of whales called?	Cetology.	389
189	What is the term for a whale that has already been harpooned or marked by the crew of a specific ship?	Fast-fish.	390
190	What keeps Ishmael afloat after the Pequod sinks?	A coffin.	391
191	What mainland city does Ishmael, the book's narrator, ship out from?	New Bedford.	392
192	What real ship, attacked and sunk by a sperm whale, inspired Melville's story?	The Essex.	393
193	What religion are the owners of the ship?	Quakers.	394
194	What religious sect do Starbuck, Peleg and Bildad belong to?	Quakers.	395
195	What shape does the ship's carpenter make Quequeeq's coffin?	A canoe.	396
196	What type of whale are they hunting?	Sperm whales.	397
197	What was Ahab using to attack Moby Dick when he lost his leg?	A knife.	398
198	What was Queequeg on his home island?	A prince.	399
199	What was the name of the whaling ship on which Melville spent 18 months between 1841 and 1842?	Achusnet.	400
200	What was the sperm whale most highly prized for?	Spermaceti and sperm oil, used as lamp oil, among other uses.	402
201	When Ahab and Starbuck talk about their families, how does Ahab see himself on his relentless quest?	A pathetic fool.	404
202	When Ahab bursts into fits of near-mad shrieking, what does Ishmael think is the cause?	His soul attempting escape.	405
203	When Ahab has the blacksmith make a special harpoon for Moby Dick, what does Ahab give him for the metal?	Nails from racehorse shoes.	406
204	When Ahab insists on climbing the mast to be the first to see Moby Dick, what happens to his hat?	A hawk steals it.	405
205	When Ahab realizes that Moby Dick is now chasing him, what does he say?	That's bad.	406
206	When Ahab realizes that smoking no longer soothes him, what does he do?	Throws his pipe overboard.	407
207	When Daggoo and a Spanish sailor start to fight, what stops them?	A storm.	408
208	When Queequeg decorates the coffin that he'd had made, what does he use for the decoration?	His own tattoos.	409
209	When Queequeg falls ill, what does he do?	Have his coffin made.	410
210	When Starbuck confronts Ahab about leaking oil barrels that are costing the crew profit, how does Ahab respond?	Points a gun at Starbuck.	411
211	When Starbuck sees a row of muskets, what does he consider doing?	Killing Ahab.	412
212	When Tashtego nearly drowns, what is he trapped in?	A whale's head.	413
213	When does the Pequod set sail?	Christmas Day.	414
214	When preparing to process the first dead whale, how does Queequeg almost loose his hand?	A dead shark's teeth.	415
215	When the Pequod meets other ships, what is Ahab's only interest?	Information about Moby Dick.	416
216	When the crew encounter the crazed prophet Gabriel, what does Gabriel prophesize as Ahab's fate?	Dead and down there.	417
217	When the crew first hunt a whale, what nearly crushes Queequeg's boat?	The ship.	418
218	When the crew takes a break from whale-processing, who does Ahab go on deck to talk to?	The whale's severed head.	419
219	Where does Ishmael keep a record of whale dimensions that he measured from a skeleton in Tranque?	Tattooed on his arm.	420
220	Where does Ishmael want to go to find a berth on a whaling ship?	Nantucket.	421
221	Which American literary figure, to whom Moby Dick was dedicated, influenced Melville's writing?	Nathaniel Hawthorne.	422
222	Which body part has Ahab lost to Moby Dick?	His leg.	423
223	Which character falls overboard and goes insane as a result?	Pip.	424
224	Which character is often seen as an allegorical representation of God?	Moby Dick.	425
225	Which characters survive the Pequod's sinking?	Only Ishmael.	354
226	Which member of the crew is a religious Christian man?	Starbuck.	427
227	Which was the first team to kill a whale?	Stubb and Tashtego.	428
228	What was the fate of the whaler christianed The Essex?	It was attacked and sunk by a sperm whale, inspiring Melville's story.	429
229	Who are the 'five dusky phantoms' that appear when the first whale hunt begins?	Ahab's secret whaling crew.	430
230	Who is Bildad?	The other co-owner of the ship Pequod. He is the exact opposite of Captain Peleg; he is cool in temperament, religious, and shrewd.	431
231	Who is Bulkington?	A quiet but dangerous sailor, whom Ishmael sees for the first time in the Spouter Inn. Later, Bulkington is Ishmael's shipmate on the whaling voyage.	432
232	Who is Captain Ahab?	The dark, brooding, peg-legged captain of the the whaling ship Pequod.  He wants to find and kill Moby Dick, the whale that caused him to lose his leg.	433
233	Who is Captain Boomer?	One-armed English whaling captain; master of the Samuel Enderby.	434
234	Who is Captain Peleg?	Retired whaleman of Nantucket. Former chief-mate and later co-owner of the ship Pequod. He is an imposing, short- tempered, and foul-mouthed man. Bildad and Peleg hire the crew.	435
235	Who is Daggoo?	Third harpooner on the Pequod; described as 'a gigantic, coal-black negro-savage'.	436
236	Who is Elijah?	Shabbily dressed street prophet in New Bedford; warns of Captain Ahab as 'Old Thunder'.	437
237	Who is Father Mapple?	The chaplain (in New Bedford) who gives a moving sermon based on the Biblical story of Jonah and the whale in the Whalemen's chapel.	438
238	Who is Fedallah?	Strange, 'oriental' old Parsee; Ahab's harpooner and personal prophet.	440
239	Who is Flask?	Third mate of the Pequod; from Martha's Vineyard.	441
240	Who is Fleece?	The old Negro cook on the ship. He has bad knees. Under Stubb's instructions, he preaches a sermon to the sharks hovering around the dead sperm whale which is tied to the ship's side.	443
241	Who is Gabriel?	The self-appointed prophet on the ship, Jeroboam. He believes himself to be the incarnation of the Shaker God and he warns all the crewmembers on board about Moby Dick, the White Whale.	444
242	Who is Ishmael?	The narrator of the novel and the only sailor to survive from the Pequod. He tells the entire story and actively participates in the drama that unfolds on Captain Ahab's whaling ship.	445
243	Who is Mayhew?	The captain of the Jeroboam, who had sighted and chased Moby Dick. Mayhew meets Ahab and tells him how the whale had killed his mate, Macey, during the chase.	446
244	Who is Moby Dick?	A giant and elusive white sperm whale. He serves as Captain Ahab's antagonist in the novel. Ahab's goal in life is to kill Moby Dick for having bitten off his leg.	447
245	Who is Mrs. Hosea Hussey?	The irate wife of the innkeeper at 'Try Pots' in Nantucket. In the innkeeper's absence, she runs the affairs of the inn efficiently.	448
246	Who is Peter Coffin?	The perhaps ironically named innkeeper of the Spouter Inn at New Bedford.	449
247	Who is Pip?	The cabin boy on the Pequod. He is a young Negro who is nervous and quiet by temperament and suffers a mental breakdown when left in the ocean for awhile. He becomes half idiot-half prophet.	450
248	Who is Queequeg?	A native of Kokovoko in the Fiji islands and an expert harpooner, who becomes Ishmael's friend and crewmate. Queequeg dies when the ship sinks.	451
249	Who is Radney?	The wicked and unjust mate on the Town-Ho. He is punished as though by divine providence when Moby Dick kills him.	452
250	Who is Starbuck?	A Quaker from Nantucket who serves as the first mate to the captain on the Pequod. An intelligent and brave officer, he lives his life by Christian principles.	454
251	Who is Steel Kit?	The popular sailor on Town-Ho who leads a mutiny on board. He makes secret plans to kill Radney, the most hated mate on the Town-Ho.	455
252	Who is Stubb?	Second mate of the Pequod; from Cape Cod.	456
253	Who is Tashtego?	Stubb's harpooner; craves rum.	457
254	Who is telling the story in the novel?	Ishmael.	458
255	Who is the harpooner that Queequeq rescues?	Tashtego.	459
256	Who is the only crewmate who opposes Ahab's plan to devote the ship's mission to hunt the White Whale?	Starbuck.	460
257	Who is the second mate on the Pequod?	Stubb.	470
258	Who owns the Pequod?	Bildad and Peleg.	462
259	Who rescues Tashtego when he falls overboard inside the whale's head?	Queequeg.	463
260	Who says the following: 'If man will strike, strike through the mask! . . . That inscrutable thing is chiefly what I hate.'	Ahab.	464
261	Who says the following: 'Though it come to the last, I shall still go before thee thy pilot . . . . Hemp only can kill thee.'	Fedallah.	465
262	Who says the following: 'Vengeance on a dumb brute! That simply smote thee from blindest instinct! Madness! To be enraged with a dumb thing seems blasphemous.'	Starbuck.	466
263	Who wins the doubloon from the mast?	Ahab.	467
264	Why are whaling ships always well-lit?	Free access to oil.	469
265	Why does Ishmael claim that Nantucket has the largest empire in the world?	It owns the seas.	470
266	Why does Ishmael find it odd that the French have been most successful in representing whales in art?	France doesn't hunt whales.	471
267	Why does Ishmael think that he doesn't keep a very good watch?	He daydreams too much.	472
268	Why does Ishmael believe that the natural dangers of the sea are so insidious?	So much is hidden.	473
269	Why does Ishmael think whales are so mysterious?	They're always mostly hidden.	474
270	Why is the Pequod unable to pursue the 'Grand Armada' of sperm whales that they encounter near Sunda?	Malaysian Pirates appear.	483
271	Why is the whale-line so dangerous once it is attached to a whale?	People can get tangled.	476
272	With what does Queequeg sleep?	His harpoon.	485
273	Where, according to Ishmael, are whales hunted?	All around the world.	478
274	With whom does Ishmael share a bed at the Spouter-Inn?	Queequeg.	479
275	What happened when the Pequod neared Sunda?	Malaysian Pirates scared them away from the hunting grounds.	480
276	What do whales eat?	Plankton and other brit.	481
277	How dangerous is whaling?	Whaling was one of the most dangerous occupations of the 19th century.	492
278	What is it called when two or more whale ships meet at sea?	A 'gam'.	493
279	Who warns Ishmael of Captain Ahab as 'Old Thunder'?	Elijah.	494
280	Who wears a whale-penis pelt while slicing pieces of blubber for the pots?	The mincer.	495
281	What is the world capital of whaling?	Nantucket.	486
282	To whom did Melville dedicate Moby Dick?	Nathaniel Hawthorne.	497
283	How does the ship Rachel figure in Ishmael's story?	She rescues him in the end.	498
284	What flavor permeates all others on Nantucket?	Fish.	499
285	Where is Ahab's scar that resembles a lightning bolt?	On Ahab's cheek.	500
286	Which native of Kokovoko in the Fiji islands and an expert harpooner, despite his religion and customs, is able to develop a bond with Ishmael?	Queequeg.	501
287	Who wears a turban made of his own hair?	Fedallah.	502
288	With what does Starbuck consider killing Ahab?	Musket.	503
289	Who are the Quaker characters in Moby Dick?	Starbuck, Peleg, and Bildad.	504
290	According to Fedallah, why should you hang a sperm whale's head on one side of a ship and a right whale's on the other?	Your boat won't capsize.	505
291	Does Ishmael suggests that sailing out on a whaler is not so different from commiting suicide?	Yes.	497
292	Where does Queequeg's hatchet end up?	In the mast.	491
293	What can happen to an unbalanced ship?	It can capsize.	499
294	In which state is New Bedford located?	Massachusetts.	500
295	Which mate on the Pequod was from Cape Cod. Stubb, the Second Mate.	468
296	Which of the Pequod's mates was a Quaker from Nantucket?	Starbuck, the first mate.	453
297	What Biblical term for a while is found the Book of Job?	Leviathan.	514
298	Around what must the Pequod pass to arrive in the Pacific?	Cape Horn.	515
299	From what city does Ishmael escape to New Bedford?	Manhattan.	516
300	Does the white whale survive the events narrated in Moby Dick?	Yes.	100
301	For what were the whales hunted?	Oil.	101
302	What whales are most valuable?	Sperm whales.	102
303	Who eats whale meat?	Stubb and the Eskimos.	103
304	What does Ishmael's roommate Queequeg do for money in New Bedford?	He sells shrunken heads.	104
305	What was Herman Melville's first job?	Working in a bank.	105
306	What happens when a dead whale is abandoned?	Vultures and sharks come eat it.	106
307	What is the Pequod named after?	A dead Indian nation in the Massachusetts Colony.	107
308	What does Ahab say keeps him going?	An iron path.	108
309	Why does Ahab give his quarters to the deranged Pip?	Pip moves him.	109
310	How does Ahab nearly get hurt before leaving Nantucket?	His pegleg twists back on him.	110
311	What sounds do the crew hear coming from below decks?	Hidden people.	111
312	Why did whalers hunt their quarry?	For oil.	112
313	What is Ahab's prosthetic made of?	A whale's jawbone.	113
314	What do whales smell like to Ishmael?	Musk.	114
315	Why does Queequeg harpoon a small target?	To impress the men hiring the crew for the Pequod.	115
316	With what does Queequeg shave?	With a harpoon.	116
317	when does the Pequod sink?	After Moby Dick rams her.	117
318	What decorates the Pequod?	Whale bones.	118
319	What age was Herman Melville when he went to sea as a merchant sailor?	Nineteen.	119
320	When was Moby Dick repopularized and promoted to the canon of American literature?	The nineteen-twenties.	120
321	How many of crewmembers of the Pequod survive their meeting with Moby Dick?	Exactly one.	121
322	What's the name of the state where Ishmael met Queequeg?	Massachusetts, in New Bedford.	122
323	What about Queequeg's being a pagan does Ishmael decide he likes?	His lack of hollow Christian courtesies.	123
324	Ishmael likens the sperm whale to a Platonic philosopher and the right whale to what other kind of philosopher?	Stoic.	124
325	Ishmael likens traveling the world round to hunt whales as amounting to what?	Going around in circles.	125
326	What does Ishmael think will be Buckington's destiny after he dies at sea?	God.	126
327	What is Fedallah's turban made of?	His own hair.	127
328	What does Ahab destroy piece by piece throughout the voyage?	The navigation equipment.	128
329	How does Pip describe the doubloon on the mast as being part of the ship?	As the ship's navel.	129
330	What is the name of Queequeg's native island?	Kokovoko.	130
331	What did the crew see at night, thay they thought were mermaids, but Ahab said were just animals?	Seals	131
332	What is Ahab's crime of usurpation?	Using the Pequod to chase Moby Dick, which was not what its owners intended.	132
333	Who is the First Mate?	Starbuck.	133
334	What was meant by the term 'specksynder'?	The chief harpooner and sometime captain.	134
335	Ishmael compares shipping out on a whale ship to committing what?	Suicide	135
336	What are all the mates' names on the Pequod?	Starbuck, Stubb, Flask.	136
337	Why does Ahab's harpoon to flicker and spark with fire-like electricity?	Atmospheric static.	137
338	What does Ishmael think is abhorrent, unnatural and frightening when on an animal?	The color white.	138
339	Queequeg is covered with what?	Tattoos.	139
340	When the crew cut open an blind, old, mishapen whale, what do they find?	A stone harpoon head.	140
341	What's in the vial in Ahab's pocket?	Nantucket sand.	141
342	What does Ahab nail to the ship's mast as motivation for his crew to find Moby Dick?	A gold doubloon.	142
343	What prize does Ahab offer to the first one to spy Moby Dick?	A gold doubloon.	143
344	What are the names of the first, second, and third mates' aboard the Pequod?	Starbuck, Stubb, Flask.	136
345	When does Ahab see what he thinks is the 'first hearse' prophesied by Fedallah?	Fedallah lashed to Moby Dick.	144
346	What does Ahab see when he peers at the gold doubloon mounted on the mast?	His own reflection.	145
347	How did Captain Boomer react to losing an arm to Moby Dick?	He avoids Moby Dick.	146
348	In Fedallah's prophecy, what will kill Captain Ahab?	Hemp.	147
349	What phenomenon in the water leads the crew on a chase, but never turns into a whale?	Spirit-spout.	148
350	What does Ishmael claim is the major difference between male and female whales?	Males abandon injured comrades.	149
351	What does Ishmael claim is the most famous part of a whale?	Its tail.	150
352	To what does Ishmael compare the valuable oil in a sperm whale's head?	A massive wine barrel.	151
353	What does Ishmael decide he needs to do after seeing how dangerous a whale hunt can be?	Rewrite his will.	152
354	Who survives when the Pequod sinks?	Only Ishmael.	225
355	What is tattooed on Ishmael's forearm?	The dimensions of a whale.	153
356	On what does Ishmael think men and animals should be judged, rather than their smarts?	Their backbones.	154
357	What keeps Ishmael from drowning?	Queequeg's coffin.	155
358	What does Pip do when scared by a whale bumping the whaling boat he's in?	He jumps overboard.	156
359	Where does Queequeg go when the tramp who was mocking him falls into the ocean?	Queequeg dives in after him.	157
360	When the Pequod passes by the Delight, what do the Delight's crew drop into the water?	A dead body.	158
361	What does the crew look for as indications of a whale's presence?	Spouts.	159
362	Who are the only two men on the Pequod who think about killing each the other using guns?	Ahab and Starbuck and Ahab.	160
363	What does the mincer wear when slicing pieces of blubber for the pots?	A whale-penis pelt.	161
364	What does the scar on Ahab's cheek resemble?	A lightning bolt.	162
365	What event led to Ahab and Pip's close relationship?	Pip's near-drowning.	163
366	What frightens Ishmael the most about Moby Dick?	The whiteness of the whale.	164
367	When Ahab fights Moby Dick, what happens to his artificial fake leg?	It breaks off.	165
368	What is krill?	Tiny sea creatures that whales eat, a.k.a. brit.	166
369	What essential flaw determines Ahab's fate?	Hubris.	167
370	What is Flask's nickname?	King-Post.	168
371	What is Ishmael constantly trying to pin down throughout the novel?	The essence of whales.	169
372	What is a 'gam'?	A social meeting of two, or more, whaling ships at sea.	170
373	Besides being the chief harpooner, what else was a 'specksynder'?	The ship's captain.	171
374	What does a cetologist study?	Cetology is the study of whales.	172
375	To whom does Ahab promise a gold doubloon?	Whoever first spots Moby Dick.	173
376	What Ocean is the one where Ahab again tracks down Moby Dick?	The Pacific.	174
377	Which biblical figure is the focus of Father Mapple's sermon?	Jonah.	175
378	What's the very first line in Moby Dick?	'Call me Ishmael.'	176
379	Who is Ahab's personal harpooner and spiritual guide?	Fedallah.	177
380	What's the name of the whaling ship in Moby Dick?	The Pequod.	178
381	What is Ahab's wife's name?	She isn't named.	179
382	With whome does Ishmael share a bed in New Bedford?	Queequeg.	180
383	Who was the Second Mate on the Pequod?	Stubb.	181
384	What is the Second Mate's name?	Stubb.	182
385	Who is the third mate?	Flask.	183
386	Where does Ishmael stay on the mainland before shipping out?	The Spouter Inn.	184
387	What is the ship's name in this tale?	The Pequod.	185
388	What is the ship that rescues Ishmael at the end of the novel?	Rachel.	186
389	What is the origin of Ahab's fatal flaw?	All the damage he's suffered.	187
390	What is the term for the scientific study of whales?	Cetology.	188
391	What did they call a whale that was harpooned or marked before by a particular whaling ship?	Fast-fish.	189
392	What keeps Ishmael afloat after the Pequod sinks?	A coffin.	190
393	What mainland city does Ishmael, the book's narrator, ship out from?	New Bedford.	191
394	What actual whaler was sunk by a sperm whale and inspired Melville's Moby Dick?	The Essex.	192
395	What religion are the owners of the ship?	Quakers.	193
396	What religion do Peleg, Bildad, and Starbuck share?	Quakerism.	194
397	What is Quequeeq's coffin shaped like?	A canoe.	195
398	What kind of whales does the crew hunt?	Sperm whales.	196
399	When Ahab lost his leg attacking Moby Dick, what weapon was he using?	A knife.	197
400	What was Queequeg on his home island?	A prince.	198
401	Herman Melville spent a year and a half on what actual whaling ship?	Achusnet.	199
402	For what uses was the sperm whale so highly valued?	Spermaceti and sperm oil, used as lamp oil, among other uses.	200
403	What befell the whaling ship named The Essex?	It was rammed by a sperm whale and sank, leaving a single survivor to float at sea.	228
404	When Starbuck and Ahab talk about their families, what does Ahab say about his relentless quest?	A pathetic fool.	201
405	What does Ishmael think causes Ahab's bursts of mad shrieking?	His soul attempting escape.	202
406	What material does Ahab give the blacksmith out of which to make a harpoon for Moby Dick?	Nails from racehorse shoes.	203
407	What happens to Ahab's hat when he climbs the mast to see Moby Dick?	A hawk takes it.	204
408	What does Ahab say when he realizes that Moby Dick is pursuing the Pequod?	That's bad.	205
409	What does Ahab do with his pipe after he realizes that smoking no longer soothes him?	He throws his pipe overboard.	206
410	What stops Daggoo and a Spanish sailor from fighting?	A storm.	207
411	How does Queequeg decorate his own coffin?	His own tattoos.	208
412	What does Queequeg have made for him when he becomes ill?	His coffin.	209
413	What does Ahab do when Starbuck confronts him about leaking barrels of oil?	Ahab threatens Starbuck with a gun.	210
414	When Starbuck sees a row of muskets, what does he consider doing?	Killing Ahab.	211
415	Inside of what does Tashtego nearly drown?	The head of a sperm whale.	212
416	What day does the Pequod depart?	Christmas Day.	213
417	What is the most famous sentence in Moby Dick?	Call me Ishmael.	176
418	How does Queequeg injure his hand?	A dead shark's teeth.	214
419	What is Ahab's only interest when the Pequod meets other ships?	Getting information about Moby Dick.	215
420	When the crew encounter the crazed prophet Gabriel, what does Gabriel prophesize as Ahab's fate?	Dead and down there.	216
421	What almost crushes Queequeg's boat during the first whale hunt?	The Pequod.	217
422	Who does Ahab talk to on deck when the crew takes a break from whale-processing?	The whale's severed head.	218
423	How does Ismael remember the dimensions he measured of a whale?	He has them tattooed on his arm.	219
424	Where does Ishmael actually to go to find a berth on a whaling ship?	New Bedford.	220
425	Which American literary figure, to whom Moby Dick was dedicated, influenced Melville's writing?	Nathaniel Hawthorne.	221
426	What is Captain Ahab's artificial leg made of?	Ivory.	113
427	What part of his body did Ahab lose to Moby Dick?	His leg.	222
428	Who goes insane after being left alone adrift at sea?	Pip.	223
429	What in Moby Dick might be interpreted as an metaphor for God?	Moby Dick.	224
430	Who among the Pequod's crew survives their encounter with Moby Dick?	Ishmael.	225
431	Whom among the crew is a devout Christian?	Starbuck.	226
432	What whaling team killed the first whale?	Tashtego and Stubb.	227
433	What happened to the whaling ship called The Essex?	It was attacked and sunk by a sperm whale, inspiring Melville's story.	228
434	Who are the 'five dusky phantoms' that appear when the first whale hunt begins?	Ahab's secret whaling crew.	229
435	Who is Peleg's partner Bildad?	A co-owner of the Pequod.	230
436	What about Bulkington?	He is quiet but dangerous member of the crew, whom Ishmael sees for the first time in the Spouter Inn.	231
437	What about Captain Ahab?	The dark, brooding, peg-legged captain of the ship, the Pequod. He is obsessed with finding and killing Moby Dick.	232
438	What about Captain Boomer?	He is a one-armed English whaling captain; master of the Samuel Enderby.	233
439	What is the Pequod named after?	An extinct Massachusetts Indian tribe.	107
440	Who is the subject of Father Mapple's sermon?	Jonah.	175
441	What about Bildad's partner Captain Peleg?	He is a retired whaleman of Nantucket, former chief-mate and later co-owner of the ship Pequod.	234
442	What does Ahab keep destroying, one piece at a time, over the course of the voyage?	The navigation equipment.	128
443	Who are the first, second, and third mates?	Starbuck, Stubb, Flask.	136
444	Who is Daggoo?	Third harpooner on the Pequod; described as 'a gigantic, coal-black negro-savage'.	235
445	Who is Elijah?	Shabbily dressed street prophet in New Bedford; warns of Captain Ahab as 'Old Thunder'.	236
446	Who is Father Mapple?	The chaplain (in New Bedford) who gives a moving sermon based on the Biblical story of Jonah and the whale in the Whalemen's chapel.	237
447	What about that Fedallah?	He is a strange, 'oriental' old Parsee; Ahab's harpooner and personal prophet.	238
448	What about the one called Flask?	Flask is the third mate of the Pequod; from Martha's Vineyard.	239
449	What about Fleece?	He is the old Negro cook on the ship. Under Stubb's instructions, he preaches a sermon to the sharks hovering around the dead sperm whale, tied to the ship's side.	240
450	What about Gabriel?	He is a self-styled prophet on the Jeroboam. Believing himself to be the Shaker God incarnate, he influences all on board with his warnings about the White Whale.	241
451	What about that Ishmael?	He is the novel's narrator and the only sailor to survive from Captain Ahab's whaling ship, the Pequod.	242
452	What about Mayhew?	He is the captain of the Jeroboam, who had sighted and chased Moby Dick. Mayhew tells Ahab how the whale had killed his mate, Macey, during the chase.	243
453	Of the three mates aboard the Pequod, which one was from Nantucket?	Starbuck the first mate was a Nantucket Quaker.	296
454	With what is the Pequod adorned?	Sperm whale teeth.	118
455	What about Moby Dick?	Moby Dick is a giant and elusive white sperm whale who serves as Captain Ahab's antagonist in the novel. Ahab's sworn purpose in life is to kill Moby Dick.	244
456	What about Mrs. Hosea Hussey?	She is the wife of the innkeeper at 'Try Pots' Inn, Nantucket, who runs the affairs of the inn efficiently when her husband is away.	245
457	What about the one called Peter Coffin?	He is the deathly-named innkeeper of the Spouter Inn at New Bedford.	246
458	What about Pip?	He is the Pequod's cabin boy, a nervous young Negro who loses his mind when he has been left in the sea awhile. He becomes half idiot-half prophet.	247
459	What about the one named Queequeg?	He is a native of Kokovoko in the Fiji islands and an expert harpooner, and despite his religion and customs, he is develops a bond with Ishmael.	198
460	What about Radney?	He is the wicked and unjust mate on the Town-Ho, punished as though by divine providence when Moby Dick kills him.	249
461	What about Starbuck?	He is a Nantucket Quaker serving as the first mate to the captain on the Pequod. He is intelligent and brave, and he lives according to Christian principles.	250
462	What about Steel Kit?	He is a popular sailor who leads a mutiny onboard the Town-Ho. He secretly plans to kill Radney, the most hated mate on the Town-Ho.	251
463	What about the one named Stubb?	He was the second mate of the Pequod, from Cape Cod.	252
464	Who is Tashtego?	Stubb's harpooner; craves rum.	253
465	What is the name of the story's narrator?	Ishmael.	254
466	Who does that Queequeq rescue?	Tashtego.	255
467	Who are Ahab's mates first to third?	Starbuck, Stubb, Flask.	136
468	Which of the Pequod's mates is from Cape Cod. Stubb, the Second Mate.	295
469	Who opposes Ahab's plan to pursue Moby Dick and nothing else?	Starbuck.	256
470	Who was the Pequod's second mate?	Stubb.	257
471	Who owns the Pequod?	Bildad and Peleg.	258
472	By whom is Tashtego rescued when he falls inside the whale's head?	Queequeg.	259
473	Which character says that what he hates about men is that when they strike, they will hide behind masks.'	Ahab.	260
474	Who pophesies to Ahab that, 'Though it come to the last, I shall still go before thee thy pilot,' and, 'Hemp only can kill thee.'	Fedallah.	261
475	Who avers that taking vengeance on a speechless animal, which acts on blind instinct, seems like madness and blasphemy?	Starbuck.	262
476	Who wins the doubloon that Pip calls the ship's navel from the main the mast?	Ahab.	263
477	Why do whaling ships burn a lot of lamps?	They have lots of whale oil.	264
478	How does Ishmael justify his claim that Nantucket has the largest empire in the world?	He says it owns the seas.	265
479	What to Ishmael is strange about the French being the most successful in artful representations of whales in art?	France doesn't hunt whales.	266
480	What does Ishmail say about himself keeping watch?	He daydreams too much.	267
481	What does Ishmael think is so insidious about the natural dangers of the ocean?	So much is hidden.	268
482	What about whales makes Ishmael think they are so mysterious?	They're always mostly hidden.	269
483	Why isn't the Pequod able to chase the 'Grand Armada' of sperm whales they find close to Sunda?	Malaysian Pirates appear.	270
484	What is so dangerous about the whale-line when it is attached to a whale?	People can get tangled.	271
485	What does Queequeg sleep with in his bed?	His harpoon.	272
486	Where does Ishmael say that are whales hunted?	All around the world.	273
487	With whom does Ishmael share a bed at the Spouter-Inn?	Queequeg.	274
488	What happened to the Pequod when it got close to Sunda? 	Malaysian Pirates scared them away from the hunting grounds.	275
489	What do sperm whales live on?	Plankton and krill.	276
490	How dangerous is whaling?	Whaling was one of the most dangerous occupations of the 19th century.	277
491	Where does Queequeg's hatchet end up?	In the mast.	292
492	Who ends up winning the doubloon nailed to the mast?	Ahab.	263
493	What is it called when two or more whale ships meet at sea?	A 'gam'.	278
494	Who call Captain Ahab 'Old Thunder' when he warns Ishmael about him?	Elijah.	279
495	Who wears a whale-penis pelt while slicing pieces of blubber for the pots?	The mincer.	280
496	Where is the world's capital of whaling?	Nantucket.	281
497	Who did Melville dedicate Moby Dick to?	Nathaniel Hawthorne.	282
498	How does the ship Rachel figure in Ishmael's story?	She rescues him in the end.	283
499	What flavor permeates all others on Nantucket?	Fish.	284
500	Where is Ahab's scar that resembles a lightning bolt?	On Ahab's cheek.	285
501	Which character, an expert harpooner from Kokovoko in the Fiji islands is able to develop a bond with Ishmael, despite his religion and customs?	Queequeg.	286
502	Which crewmember uses a turban made that is made from his own hair?	Fedallah.	287
503	How does Starbuck contemplate that he might kill Ahab?	With a musket.	288
504	Which characters in Moby Dick are Quakers?	Starbuck, Peleg, and Bildad.	289
505	Why does Fedallah say that you should hang a sperm whale's head on one side of a ship and a right whale's on the other?	So your boat won't capsize.	290
506	What is so dangerous about an unbalanced ship?	It can capsize.	293
507	What state is New Bedford located in?	Massachusetts.	400
508	Who is the character Ishmael?	He is the novel's narrator and the only sailor to survive from Captain Ahab's whaling ship, the Pequod.	242
509	Who does it that Queequeq rescues?	Tashtego.	255
510	what does Ahab give the blacksmith to use for the metal in a harpoon meant especially for Moby Dick?	Nails from racehorse shoes.	203
511	Does Ishmael opine that suicide is kind of like what shipping out on a whaler is like?	Yes, he does indeed.	291
512	With what line does Moby Dick begin?	'Call me Ishmael.'	176
513	Is the white whale dead or alive at the end of the novel?	Alive.	100
514	What Biblical term for a while is found the Book of Job?	Leviathan.	297
515	What must the Pequod round to enter the Pacific Ocean?	Cape Horn.	298
516	What city does Ishmael leave behind to go to New Bedford?	Manhattan.	299
